{"_type":"address","_id":"addr-home-01","addressName":"Home","userEmail":"nguyenvana@gmail.com","streetAddress":"123 Le Loi St, Apt 4B","city":"Ho Chi Minh City","state":"HC","zipCode":"70000","isDefault":true,"createdAt":"2026-01-24T10:00:00Z"}
{"_type":"address","_id":"addr-work-02","addressName":"Work","userEmail":"nguyenvana@gmail.com","streetAddress":"456 Nguyen Hue, Level 12","city":"Ho Chi Minh City","state":"HC","zipCode":"70000","isDefault":false,"createdAt":"2026-01-24T11:30:00Z"}
{"_type":"address","_id":"addr-home-03","addressName":"Home","userEmail":"tranb@yahoo.com","streetAddress":"789 Phan Chu Trinh","city":"Da Nang","state":"DN","zipCode":"55000","isDefault":true,"createdAt":"2026-01-23T09:15:00Z"}
{"_type":"address","_id":"addr-office-04","addressName":"Office","userEmail":"lethic@outlook.com","streetAddress":"102 Lang Ha, Unit 501","city":"Ha Noi","state":"HN","zipCode":"10000","isDefault":true,"createdAt":"2026-01-22T14:20:00Z"}
{"_type":"address","_id":"addr-warehouse-05","addressName":"Warehouse","userEmail":"admin@shoptech.vn","streetAddress":"22 Warehouse Way","city":"Can Tho","state":"CT","zipCode":"90000","isDefault":false,"createdAt":"2026-01-21T08:00:00Z"}